,FEAT_A_probe,FEAT_Delta_t_angl[s],FEAT_Delta_t_anw[s],FEAT_F_angl[N],FEAT_F_anw[N],FEAT_T_Heiz[°C],FEAT_Thermocouple_0[°C],FEAT_WS0[µV],FEAT_WS_Int[µVs],FEAT_WS_angl[µV],FEAT_WS_anw[µV],FEAT_WS_delta_t_max[s],FEAT_WS_max[µV],FEAT_s0[mm],FEAT_s_angl[mm],FEAT_s_tot[mm],FEAT_t_angl[s],FEAT_t_anw[s],LABEL_weld_factor
0,405.0,7.400001006945967,17.80000084545464,55.30645555319245,18.82402940229936,210,215.7579650878906,656.0726318359375,74419.71701462631,1268.7568359375,843.7402954101562,0.6000000284984708,3500.8388671875,22.17993354797363,16.57574272155762,16.62351989746094,19.40000092145056,147.4000070011243,1.0
1,409.3467,7.6000010734424,18.00000085495412,54.619304895401,17.68646239716074,210,215.4681854248047,637.6483154296875,76104.63304328841,1246.022705078125,846.24658203125,0.800000037997961,3253.413818359375,22.32429313659668,16.42196846008301,16.46204948425293,19.20000091195107,147.2000069916248,1.0
2,402.927,7.400001044943929,17.60000083595514,55.29803085327148,18.25191057665238,210,215.7118377685547,636.0340576171875,76209.91517211882,1240.57861328125,836.8173217773438,0.800000037997961,2988.8115234375,21.86433029174805,16.46196937561035,16.51470947265625,19.40000092145056,147.6000070106238,1.0
3,405.5547,7.000001738406716,17.20000081695616,56.57289394378662,18.24686261769888,210,215.8729705810547,635.0971069335938,77964.27036391635,1253.61376953125,844.119384765625,0.800000037997961,3862.060302734375,24.69524765014648,16.58473587036133,16.63900566101074,20.00000094994903,148.0000070296228,1.0
4,405.1825,7.800000892952085,20.00000094994903,54.98663524786631,18.80558273483571,208,215.3326873779297,667.1295776367188,74520.234221238,1272.278686523438,854.5034790039062,0.800000037997961,3350.6318359375,23.78627967834473,16.29763412475586,16.32385635375977,19.20000091195107,145.2000068966299,1.0
5,405.246,7.000000997446477,20.00000094994903,56.11955245817551,18.19385940772443,208,213.4205780029297,622.2035522460938,76629.20704674949,1227.60546875,822.7901000976562,0.800000037997961,3520.70068359375,21.9750804901123,16.31755447387695,16.37296104431152,19.80000094044954,145.2000068966299,1.0
6,409.2444,10.00000105444342,19.20000091195106,54.6936663459329,18.2475711508973,208,213.4799652099609,618.0043334960938,76386.19882667596,1216.158813476562,827.9622192382812,0.800000037997961,3249.82080078125,24.90803718566895,16.35105895996094,16.38142776489258,17.00000080745667,146.0000069346279,1.0
7,403.7493,6.400000902451575,19.00000090245157,56.89801451739143,19.37664527475589,208,212.4896850585938,594.2381591796875,79903.9697665066,1189.018432617188,820.1679077148438,0.800000037997961,3802.176025390625,23.27158546447754,16.37847900390625,16.42278861999512,20.40000096894801,146.2000069441274,1.0
8,404.613,5.400000835955144,17.80000084545463,55.99486848349883,18.84867496025272,208,213.0524444580078,606.4489135742188,77326.74834093628,1228.101196289062,821.019287109375,0.800000037997961,3239.046875,23.38100242614746,16.37125587463379,16.40879440307617,21.40000101644546,147.6000070106238,1.0
9,405.711,8.00000109244138,19.40000092145056,54.69940388456304,18.87056464939327,196,203.7464141845703,600.3232421875,71538.34989400991,1167.110595703125,780.189697265625,0.800000037997961,2932.4306640625,23.7993221282959,16.2764835357666,16.31275367736816,18.80000089295208,145.6000069156289,1.0
10,402.5494,6.800000978447496,18.20000086445362,57.06277885822335,19.21313103903895,196,201.9433746337891,562.6130981445312,72985.88445773353,1146.614624023438,750.2919311523438,0.800000037997961,3459.03955078125,23.28143692016602,16.52709579467773,16.61962699890137,19.80000094044954,147.2000069916248,1.0
11,405.6642,6.400000978447498,16.80000079795718,57.82694349101946,20.01738743640663,196,201.6776885986328,542.3782348632812,74758.6068776556,1133.146118164062,745.0358276367188,0.800000037997961,3129.078857421875,22.96765327453613,16.28005790710449,16.33151435852051,20.40000096894801,148.4000070486218,1.0
12,403.7286,7.000001272931694,18.00000085495413,57.20561195373535,19.99462269181791,196,201.6277465820312,536.6856689453125,76002.38636935384,1087.764770507812,747.2705688476562,0.800000037997961,3818.27001953125,24.21950531005859,16.1949577331543,16.26537132263184,20.00000094994903,147.2000069916248,1.0
13,395.7951,7.00000105444342,17.40000082645565,57.87160877227783,19.71512024328415,196,201.6175079345703,535.784912109375,75400.5456749864,1090.936279296875,744.7146606445312,0.800000037997961,3781.391845703125,23.52230644226074,16.37956809997559,16.44568061828613,20.00000094994903,147.8000070201233,1.0
14,406.3227,7.000001063942909,17.40000082645565,56.9886984006323,20.06576238691565,186,192.9094085693359,519.6449584960938,68459.92520433561,1056.00390625,703.7837524414062,0.800000037997961,2772.149658203125,24.73209762573242,16.17851829528809,16.27640724182129,19.80000094044954,147.8000070201233,1.0
15,396.9238,6.800001035444438,17.40000082645565,57.22599758488117,20.06520040044926,186,191.77587890625,486.0123291015625,72191.9639713408,1028.7607421875,694.7109375,0.800000037997961,3231.997314453125,24.25620460510254,16.48356819152832,16.58730125427246,20.20000095944852,147.8000070201233,1.0
16,406.548,6.600000968948006,17.20000081695617,57.63928207696653,20.08838343749175,186,191.4984893798828,479.0310668945312,69865.5374221714,1015.42626953125,699.5059204101562,0.800000037997961,2791.019287109375,23.81166076660156,16.41662788391113,16.48860549926758,20.40000096894801,148.0000070296228,1.0
17,406.2162,6.600000949949026,16.4000007789582,56.51407047346527,19.47675765970702,186,191.0960845947266,475.0785217285156,71139.16215553698,995.8524169921875,689.6665649414062,0.6000000284984708,2996.94384765625,22.41868591308594,16.53964233398438,16.6340446472168,20.40000096894801,148.8000070676208,1.0
18,407.164,6.200000987946988,17.40000082645565,56.26813350004308,19.55878570401991,186,191.6182708740234,478.4078674316406,70739.21025168474,1043.412353515625,697.5551147460938,0.800000037997961,2348.460205078125,23.5757884979248,16.23265647888184,16.31427001953125,20.40000096894801,148.0000070296228,1.0
19,407.6712,8.000000987946986,18.80000089295209,57.63984749906807,20.16634994256692,180,188.1510162353516,516.6001586914062,65995.00923531347,1040.08203125,684.7777099609375,0.800000037997961,3147.349853515625,23.10437202453613,16.34429168701172,16.46083831787109,18.60000088345259,146.4000069536269,1.0
20,404.838,7.000000987946986,18.00000085495413,57.5109397425796,19.53307117632966,180,185.7673645019531,456.1228637695312,67521.8982023349,969.7461547851562,647.3078002929688,0.800000037997961,3039.04541015625,23.12688255310059,16.28535652160645,16.40700721740723,19.80000094044954,147.4000070011243,1.0
21,405.162,7.000000579468906,16.60000078845769,56.82737495422364,19.58697460734187,180,184.9575653076172,439.1608276367188,69699.56954119618,947.661376953125,644.8172607421875,0.800000037997961,3004.346435546875,24.06520652770996,16.37041473388672,16.48774337768555,20.00000094994903,148.6000070581213,1.0
22,400.8033,6.600000978447497,17.40000082645565,56.8075004196167,19.53755907825269,180,185.4222717285156,452.3123474121094,67412.17500501662,958.5339965820312,657.7401123046875,0.6000000284984708,3089.279541015625,21.98507499694824,16.09665298461914,16.22640419006348,20.00000094994903,147.8000070201233,1.0
23,403.1282,6.600000978447497,17.60000083595514,57.64022611863543,19.52033053245648,180,185.5650177001953,447.60009765625,67873.58808853771,949.9432373046875,658.5003662109375,0.800000037997961,2767.677978515625,23.19143867492676,16.29818725585938,16.40639495849609,20.20000095944852,147.6000070106238,1.0
24,406.068,6.800000997446478,16.80000079795718,56.63284767150879,18.93393658434927,190,197.6782531738281,537.851318359375,71787.00689215331,1096.697509765625,734.1018676757812,0.800000037997961,2908.527587890625,22.27847480773926,16.13641166687012,16.20176315307617,20.00000094994903,148.4000070486218,1.0
25,405.8971,7.000000921450555,18.20000086445361,55.41665207513488,18.44010415369151,190,195.7877655029297,499.2629699707031,74881.0086794769,1049.78173828125,711.2032470703125,0.800000037997961,3456.0380859375,23.43867301940918,16.14997291564941,16.21271896362305,20.20000095944852,147.0000069821253,1.0
26,405.0552,7.400001044943929,18.60000088345259,54.9358352349729,18.37899670053701,190,195.1239166259766,477.8243408203125,76039.95480622938,1052.007690429688,695.0621337890625,0.800000037997961,3496.450439453125,24.13813209533691,16.38798713684082,16.48299980163574,19.60000093095005,146.4000069536269,1.0
27,400.6858,6.800001035444438,16.00000075995922,55.34743576049804,18.33795734129387,190,195.5635528564453,504.9423217773438,69449.43983467112,1018.340454101562,705.5473022460938,0.6000000284984708,3020.609130859375,22.03067970275879,16.53557395935059,16.6176872253418,20.00000094994903,149.2000070866197,1.0
28,405.0144,5.200000854954123,17.80000084545464,55.58514955308702,17.76258047303157,190,195.46875,490.2374267578125,75262.33890904498,1060.044067382812,703.7987670898438,0.800000037997961,3504.984619140625,23.06617546081543,16.55933570861816,16.64956855773926,21.60000102594495,147.4000070011243,1.0
29,405.2676,8.000001263432203,18.60000088345259,54.88870314757029,18.10553944224837,210,217.6097564697266,669.8182983398438,66667.15333160298,1263.077880859375,871.7782592773438,0.800000037997961,3943.6884765625,24.68843650817871,16.47959136962891,16.52158164978027,19.20000091195107,104.6000049682334,1.0
30,401.228,8.000001016445458,19.40000092145056,54.08894485473633,15.98191708360793,210,215.4656219482422,623.8182983398438,67783.52536278871,1187.499877929688,847.9908447265625,0.800000037997961,4119.84423828125,24.27771186828613,16.5599308013916,16.62043762207031,20.00000094994903,103.8000049302354,1.0
31,402.2763,6.200000902451574,19.80000094044954,53.85715536469394,16.02840238567478,210,215.2273254394531,616.095703125,66472.55142162657,1194.791137695312,842.0977783203125,0.6000000284984708,3850.446044921875,22.28026962280273,16.47384643554688,16.54596328735352,20.6000009784475,103.4000049112365,1.0
32,398.0772,7.000000997446477,18.60000088345259,54.90288963317871,17.10915116917335,210,215.4769439697266,608.0833740234375,68102.14705639875,1171.70751953125,839.100830078125,0.800000037997961,4030.771728515625,23.81684112548828,16.41084098815918,16.45923042297363,20.00000094994903,104.6000049682334,1.0
33,401.0055,7.200001044943928,18.20000086445362,55.42802564062254,17.69060314723423,210,214.8993988037109,584.8626708984375,68519.34341952953,1189.359619140625,828.13427734375,0.800000037997961,3612.423828125,24.34565734863281,16.42138862609863,16.47784042358398,19.80000094044954,105.0000049872324,1.0
34,396.6012,3.000000759959221,19.40000092145056,56.37979792747177,17.71185123373609,210,216.9202880859375,616.7638549804688,71431.12639453344,1182.656616210938,823.1846313476562,0.800000037997961,3697.4150390625,25.74561882019043,16.72218132019043,16.78185272216797,23.80000113043934,130.8000062126666,1.0
35,403.0794,6.800001016445458,17.40000082645565,55.0198787689209,17.78829958065447,210,216.0236511230469,598.2896728515625,74023.72952926936,1184.165405273438,815.122802734375,0.800000037997961,3840.30908203125,25.04586410522461,16.37775802612305,16.42598533630371,20.00000094994903,132.8000063076615,1.0
36,394.0056,7.00000113043934,16.4000007789582,56.0475280380249,18.3492027585378,210,215.7290191650391,606.2918701171875,72185.67472828775,1166.154418945312,811.2659912109375,0.800000037997961,3914.95361328125,24.5723705291748,16.09718704223633,16.14011001586914,20.00000094994903,133.6000063456595,1.0
37,393.384,6.200001054443419,17.60000083595514,57.30320062824324,18.91402403657433,210,214.9943695068359,580.4700927734375,73971.42680889276,1147.906372070312,808.308837890625,0.800000037997961,3952.083984375,23.81364822387695,16.42703056335449,16.47482490539551,20.40000096894801,132.600006298162,1.0
38,402.7779,5.600000940449537,18.20000086445361,55.99933476717967,17.77271959532768,210,214.9079895019531,586.718994140625,73713.58362916813,1162.921752929688,800.5687866210938,0.800000037997961,3996.4990234375,24.59669494628906,16.39812469482422,16.44536209106445,21.20000100694597,132.2000062791631,1.0
39,404.8875,8.40000106394291,20.20000095944852,55.80723320169652,18.7289949129561,200,207.9525299072266,617.828125,74385.63648411076,1183.940673828125,792.0838623046875,0.800000037997961,3970.421142578125,22.33314514160156,16.18171501159668,16.20816230773926,18.80000089295208,144.6000068681315,1.0
40,402.435,7.600001196935771,18.00000085495412,56.33147513006151,19.9034205623295,200,206.2745666503906,566.4747314453125,70050.33672207304,1075.819580078125,759.6676635742188,0.800000037997961,3169.552978515625,23.51748085021973,16.28484535217285,16.32315635681152,19.40000092145056,147.2000069916248,1.0
41,405.625,7.0000010734424,17.20000081695616,56.27630882263183,19.23622261253563,200,205.7405242919922,553.1895751953125,74722.02129717292,1157.552368164062,754.514892578125,0.800000037997961,3161.313720703125,24.78762817382812,16.38019561767578,16.43170356750488,20.00000094994903,148.0000070296228,1.0
42,396.165,7.400001063942909,17.40000082645565,55.99919470962213,18.31593433220106,200,205.6965789794922,560.1196899414062,72265.03586415156,1080.705322265625,755.3786010742188,0.800000037997961,3839.343017578125,24.37436294555664,16.39689636230469,16.45833015441895,19.60000093095005,147.8000070201233,1.0
43,405.405,7.200001016445459,18.4000008739531,56.40033124673246,18.35826362381189,200,204.7200012207031,530.952392578125,74525.26701832183,1083.1103515625,741.1923828125,0.800000037997961,3633.9638671875,23.93224906921387,16.38516426086426,16.44801712036133,19.80000094044954,146.8000069726259,1.0
44,416.0709,3.400001225434245,2.000000094994903,53.4361613645392,17.49584588251616,210,217.7628784179688,360.9598999023438,30794.92212966492,848.89794921875,670.9675903320312,1.200000056996942,1600.996948242188,16.30801582336426,10.39597225189209,10.42349624633789,23.60000112093985,30.40000144392252,0.0
45,401.1532,12.80000114943832,2.600000123493373,54.96205352334415,17.2964319190723,210,217.7694396972656,340.6790161132812,38004.29382034626,914.1236572265625,672.8123779296875,1.000000047497451,2524.72412109375,16.5112133026123,10.216383934021,10.26793670654297,13.60000064596534,29.80000141542405,1.0
46,400.5533,11.20000148192048,2.600000123493373,55.34446184258712,18.26927560084575,210,217.95654296875,359.3406982421875,36399.99168906509,905.4395141601562,697.5139770507812,0.800000037997961,2540.45263671875,15.23482036590576,10.1105899810791,10.15429782867432,15.20000072196126,29.60000140592456,1.0
47,412.3944,7.400001272931696,2.000000094994903,56.23096233167146,18.6007890450327,210,218.0847625732422,343.5517883300781,33883.64572946628,867.1229858398438,682.3123168945312,1.000000047497451,2149.620849609375,17.67886352539062,10.42349529266357,10.45571613311768,19.00000090245157,30.40000144392252,0.0
48,403.7075,9.200001329928636,12.60000059846789,54.22257383479629,17.51614079330907,210,217.9980316162109,323.9177856445312,38322.81804710632,886.5994262695312,673.3156127929688,1.000000047497451,2585.524658203125,16.90328407287598,10.3401985168457,10.387038230896,17.20000081695616,19.80000094044954,1.0
49,408.852,6.600001225434244,2.600000123493373,55.24324825556592,17.20633821656718,210,217.5576019287109,319.028076171875,51265.35708177985,936.4948120117188,566.1598510742188,0.800000037997961,2599.534423828125,15.74736499786377,10.14236640930176,10.203200340271,19.80000094044954,67.60000321082771,1.0
50,401.4248,3.400001310929657,2.600000123493373,53.84694714753524,18.13497312652678,210,217.8836517333984,317.7669372558594,42203.99813285903,849.5870361328125,572.5304565429688,0.800000037997961,1579.630615234375,16.83983612060547,10.68879318237305,10.71096420288086,23.00000109244138,67.8000032203272,1.0
51,395.1106,8.000000930950046,2.200000104494393,55.14022060062575,17.61514886872859,210,218.0415191650391,327.0791931152344,46178.16562702572,894.3855590820312,565.028076171875,1.000000047497451,2161.647216796875,17.69440078735352,10.21747493743896,10.25572395324707,18.4000008739531,68.20000323932618,1.0
52,408.2699,5.000001244433225,2.200000104494393,53.76576974458784,17.66333059271759,210,217.8428344726562,324.7513732910156,45225.54478678918,887.9142456054688,573.5103149414062,1.000000047497451,1591.945922851562,17.4631175994873,10.44323539733887,10.47371387481689,21.40000101644546,68.20000323932618,1.0
53,413.1638,6.800001272931695,2.000000094994903,55.91557911464146,17.66926771576642,210,217.9593048095703,347.48828125,47103.68497605639,921.8964233398438,561.2928466796875,0.800000037997961,2460.47509765625,15.18458366394043,10.60031318664551,10.65293025970459,19.60000093095005,68.40000324882567,1.0
54,401.6196,4.400001149438321,1.800000085495412,51.14875269803134,19.66653299331665,210,217.8191680908203,357.2195739746094,22287.53887878221,887.9714965820312,828.2346801757812,0.800000037997961,1887.370727539062,15.09479808807373,10.24101638793945,10.26408100128174,22.00000104494393,3.200000151991844,0.0
55,396.1152,9.800001367926598,2.600000123493373,52.88171000653003,19.31849435659555,210,217.7190704345703,336.6431579589844,26046.44628550847,887.6978759765625,820.1942749023438,1.000000047497451,2605.0390625,17.52119827270508,10.13090705871582,10.16939163208008,16.60000078845769,2.600000123493373,0.0
56,392.084,9.600001434423028,2.000000094994903,53.12918790181478,21.37785482406616,210,217.6711578369141,325.2663879394531,23971.53326356792,885.4376220703125,826.1649169921875,1.200000056996942,2136.895263671875,17.9803638458252,10.47081565856934,10.49918270111084,16.80000079795718,3.200000151991844,0.0
57,403.9692,9.200001415424047,22.6000010734424,52.89057197999418,16.9682060418256,210,219.8374481201172,274.3847045898438,61556.6902377122,802.6026000976562,404.1123046875,1.000000047497451,1594.940185546875,23.01401138305664,15.74331378936768,15.73786544799805,17.80000084545463,142.6000067731366,1.0
58,403.0956,7.800001320429146,21.20000100694597,55.35710219542185,17.53264956414617,210,218.9628295898438,212.4372406005859,78529.15048094961,852.5210571289062,386.9196166992188,0.800000037997961,2970.887451171875,22.71375465393066,15.95860958099365,15.9945240020752,19.20000091195107,143.8000068301335,1.0
59,406.3192,6.800001244433226,19.80000094044954,55.8164519889682,18.60017922824408,210,219.0679016113281,219.2582244873047,77902.80976798556,836.783935546875,393.072265625,0.800000037997961,3321.585205078125,24.17123031616211,16.02824401855469,16.05513381958008,20.40000096894801,145.2000068966299,1.0
60,411.8356,8.200001367926596,21.40000101644546,55.12499667228536,17.43336282267876,210,219.1183471679688,224.6825408935547,79280.52309992074,882.0718994140625,397.6260681152344,0.800000037997961,3088.714599609375,22.21512031555176,15.80697727203369,15.83353233337402,18.80000089295208,143.600006820634,1.0
61,407.444,7.400001358427108,1.000000047497451,58.67987540460402,16.40874497786812,210,219.0543975830078,179.212646484375,25816.75340172952,782.9229125976562,690.9052124023438,0.800000037997961,2329.9169921875,18.85287284851074,10.24777030944824,10.34488296508789,18.60000088345259,4.600000218488276,0.0
62,418.5818,7.200001263432206,22.00000104494393,54.99028288716018,17.02951165312654,210,219.13623046875,219.6866455078125,79660.39984588383,863.3656005859375,399.4434509277344,0.800000037997961,2954.117919921875,22.51652526855469,15.69360446929932,15.72315979003906,19.80000094044954,143.0000067921355,1.0
63,415.95,10.00000154841691,5.600000265985727,56.53137606452493,13.82679530978203,210,219.863037109375,317.2455444335938,28607.24278305779,880.609130859375,169.2729797363281,0.800000037997961,2835.273193359375,21.2253589630127,15.5452938079834,-14.98757171630859,17.00000080745667,1.600000075995922,0.0
64,402.4656,8.400001491419971,5.600000265985727,56.94648595010081,10.94368900358677,210,219.36474609375,210.0641174316406,32266.11172330233,838.29150390625,147.5829162597656,0.800000037997961,3186.1220703125,23.67194938659668,15.74557685852051,-3.357587337493896,18.60000088345259,1.600000075995922,0.0
65,402.9467,8.200001329928636,5.600000265985731,57.8182201385498,13.72675767540932,210,219.1994323730469,219.1443939208984,31790.97377246282,836.5590209960938,156.55126953125,0.800000037997961,3215.82177734375,21.47323989868164,15.13713550567627,-15.11125659942627,18.80000089295208,1.600000075995922,0.0
66,417.1176,7.600001358427107,5.600000265985727,55.53544203768072,12.99383349716663,210,218.9580535888672,202.1680145263672,32177.60847697111,901.314208984375,146.8743133544922,0.800000037997961,3067.186767578125,23.79131889343262,15.67772006988525,-4.163694858551025,19.40000092145056,1.600000075995922,0.0
67,406.852,8.400001386925577,5.600000265985731,54.96703494492397,9.606128208339214,210,219.0334930419922,209.5942077636719,31023.77991180716,858.951171875,148.822265625,0.800000037997961,2922.22021484375,24.38324546813965,15.69049835205078,9.46683120727539,18.60000088345259,1.600000075995922,0.0
68,397.947060918603,9.212504555482774,2.5449222959369844,52.93260663125396,19.151181833957036,210,217.723091848638,338.875346718777,26482.33915430488,884.1361833537883,806.4958062203607,1.0183593233495807,2512.8716361636452,17.40983252176262,10.155239082561717,10.19271751451445,17.242575443282224,5.151939466939371,0.0
69,401.06631629715923,4.701720539141046,1.811604677322257,51.26366340347048,19.76582894525143,210,217.81058009831438,355.36555565514436,22385.249211511902,887.8244736917698,828.1145863968662,0.8232092216516511,1901.8488788144075,15.26222714416241,10.254350020994968,10.277722296955384,21.698281657445957,3.200000151991844,0.0
70,398.29155187173143,6.214868721005864,1.8698026838917876,51.83995028109991,20.26380651734147,210,217.7675105917141,346.06749744282115,22875.274769580992,887.0871414993943,827.5123059686922,0.9396052347907121,1974.4580283312403,16.101897978912344,10.321219315127806,10.346134545061785,20.185133486638165,3.200000151991844,0.0
71,399.8429480961671,5.368853702633688,1.8372636449613995,51.517743005428834,19.985382692199984,210,217.7915911476401,351.26612701763895,22601.296988368755,887.4993906867212,827.8490464767361,0.8745271569299358,1933.8615872829046,15.632430318572514,10.2838320798376,10.307884630061862,21.03114849882826,3.200000151991844,0.0
72,406.6786056361084,6.851705658094625,4.485227272345343,55.85948182203741,12.97262433464128,210,218.86871311054742,256.79037719908854,31810.544403965127,841.5758867482776,309.6537696565456,0.923863703958004,2695.2735720640794,21.391639977335146,14.089022842168282,0.9098512938015695,20.148296707953126,10.518184025119002,0.0
73,409.0327112486017,8.23005817259536,5.60000026598573,55.08778110111159,10.325775090186685,210,219.01746751362384,208.0166688836376,31268.886572013187,867.9503099233698,148.40846405197595,0.800000037997961,2953.015316174297,24.257503091677496,15.687783874216441,6.571312044624766,18.769944099800778,1.600000075995922,0.0
74,406.99156341857133,7.857495644375339,4.058724717599218,57.1386641578472,15.813486846314262,210,218.72220647711285,272.4071900136473,32686.91376272006,849.6444347288524,381.6464384495554,0.8856264573527671,2759.3469602518053,19.848745663194048,13.119074933693486,-4.165215475186807,18.885627312306887,13.930204463088014,0.0
75,416.94643048007833,7.609347225114361,5.600000265985727,55.551926320309526,12.969883029739927,210,218.96280470549402,202.2602594174092,32178.64240122623,900.5779568568576,146.88259148847462,0.800000037997961,3068.576209201847,23.789924379292682,15.67851279537898,-4.154277643332313,19.39065505587307,1.600000075995922,0.0
76,392.2908162297498,9.610262208435088,2.0307824287277407,53.11649132381091,21.27220162710793,210,217.67361593941578,325.85006046430175,24077.98436702507,885.5535818815766,825.8585998443887,1.1897392790859962,2160.91286028191,17.956806867093405,10.453377026132042,10.482263137332787,16.78974002004623,3.1692178182590065,0.0
77,415.1449063072849,4.407474315286759,2.000000094994903,54.140083047650464,17.77414600472451,210,217.8439508231281,356.5753489658556,31572.873597625305,853.4882576535751,673.8249669789651,1.1496264007098511,1739.1779008707124,16.653288861783793,10.40290443254182,10.431611413463711,22.441407026336762,30.40000144392252,0.0
78,414.0980361874288,5.546459907330267,2.000000094994903,54.93589254674896,18.08877458652183,210,217.9356061758306,351.6184519583415,32452.3765066764,858.6777711234257,677.0553369656968,1.0926771190789661,1895.3965787926963,17.0436328025222,10.410741519170745,10.440785910059633,21.131573548826413,30.40000144392252,0.0
79,406.94812686939736,6.325769268438625,2.2742908559477475,53.18269323507884,18.32907190444801,210,217.74285154374974,349.8434710111158,28624.150478337917,866.6353841017922,739.1867552005634,1.1085698033459934,2059.996052355031,16.86262369236235,10.274797368416868,10.307332005178056,20.39994224315666,17.691196186440706,0.0
80,415.8076606868637,9.998566298839494,5.578471540730559,56.5051851798237,13.866205067897805,210,219.84765148693975,317.38474639104675,28588.86588918727,880.6600014056361,173.94414808991533,0.8014352863483056,2833.6209776553064,21.198777011674398,15.506438861578843,-14.807039274156155,16.99713031075598,1.6071763177476448,0.0
81,415.569577419592,7.720639032644168,5.600000265985728,55.4497279036358,12.482977406643684,210,218.96942963867343,203.28786283701837,32003.614489986077,894.9259863748857,147.16805888327795,0.800000037997961,3045.32623365544,23.880579696852784,15.67964699761778,-2.108251228101876,19.279363245801,1.600000075995922,0.0
82,396.57813600049377,9.701928632457472,2.5346182970006077,53.11864414779703,19.19959140660727,210,217.77363676193494,330.2099742733566,26037.060198283125,883.4163896321562,814.9110532459163,0.9918273191858554,2593.7965733680508,17.575615342658004,10.135682516478228,10.176562846668029,16.681728071573648,2.6817274066093293,0.0
83,410.8390500603332,6.237568673094186,4.043048688362735,54.30495274411523,13.018324818437968,210,218.48396933380872,275.0578305357894,30924.80200402012,854.6032885051679,374.64308463549867,0.9729946577338495,2350.808950504465,20.890817429826352,13.400687137364255,9.88057594924166,20.762433630151197,14.055612696979882,0.0
84,408.7035169483061,3.9098088200314645,1.8980385634838857,52.27002296578423,18.602478741196133,210,217.79157532286675,359.0530531932033,26457.793208611612,868.8179419262432,751.1435532076247,0.9960769939749078,1746.9924869163083,15.689508161009048,10.316974569618159,10.342225137537415,22.784308868851713,16.53323315842421,0.0
85,416.02316166412174,6.006064353763417,3.4214890720375704,54.65833174471426,16.047091799841162,210,218.5921429424348,343.6989356007087,29931.09937166487,861.4193639437775,472.86944451799235,1.0420568373255343,2088.360835388005,18.249668250403673,12.42922321954896,0.3897319996427733,20.993937996361627,19.02808962758118,0.0
86,397.72963351042887,9.81628018059299,2.8441821047248914,53.17877088871193,18.871503059967107,210,217.89357643639778,335.0643088000446,26254.879729709188,887.1208947282477,767.2131935923355,0.9837212487486832,2623.7787370166993,17.822694690437846,10.571605598980376,8.121766011944331,16.632558385955228,2.5186061297495335,0.0
87,392.463591844424,9.501886650321739,2.000000094994903,53.1340457460091,21.316422169817656,210,217.67260931186644,325.83123650429326,24079.513151127543,884.8593830393258,823.7089247849159,1.200000056996942,2128.4146917773132,17.953898997496953,10.469631264304821,10.497984965640013,16.907610562648937,3.6304392107588845,0.0
88,404.8352392723657,7.952665874625136,1.3684430743378988,57.34469196215437,17.078792988820954,210,218.7469026123677,215.46525361543414,25869.646362556756,807.0501643544366,720.6774944412762,0.846055416353017,2393.271244388677,18.546218980903326,10.220859404585022,10.3044713683088,18.139447099902032,4.1394464349377165,0.0
89,393.318559722191,9.661251648340569,2.1837508065690434,53.05339750648556,20.747173268546295,210,217.68583112607163,328.7505370848053,24606.977807112635,886.1298274767873,824.3364008580985,1.1387498198055617,2280.264850451667,17.839743851185673,10.36671825169161,10.398183799899366,16.738750560765798,3.0162494404177034,0.0
90,416.53504325672685,5.262427651325575,3.5963656281761884,54.36705557340097,15.499496699024533,210,218.29286073972273,290.5460441459662,31408.053441664946,872.1411454670132,438.5663670541147,1.0226261088656878,2251.1566097749237,19.62637319225264,12.73808329942549,3.9550273575255375,21.737574665561684,17.629077178472233,0.0
91,416.3449553365151,4.499678735524038,2.9425808328524052,53.98581176228213,16.317093117385475,210,218.07580870712053,319.38374285391865,31156.948089544432,862.6219921240078,533.7453113720605,1.095268863901664,1984.8864527164221,18.267353877355237,11.778881562724436,6.604161606936943,22.500323593439433,22.8593555410625,0.0
92,409.6702739900251,6.87147082414125,4.499458244053673,54.49903754896403,12.01806304978173,210,218.64505839726985,255.8676235873135,30953.816691159762,855.8778403573525,308.4452778753822,0.9222824848793008,2518.3141992367673,21.914598485164426,14.071929412417376,9.759289547940352,20.128531469469337,10.404336251452378,0.0
93,395.9004083098394,9.789344907381539,2.5680307297104776,52.89489620304858,19.428221860926264,210,217.71651754018885,336.03697725322337,25935.89010498682,887.5774444036523,820.5124045674116,1.0106565120917497,2580.095274598505,17.545663679907413,10.14901817765377,10.186963665498665,16.61065725305199,2.6319695172762683,0.0
94,411.763329474877,8.01726060997469,5.600000265985729,55.23897565061924,11.226894343510564,210,218.99740084965063,206.0413241784448,31575.80144401617,879.2187483245582,147.89031470135222,0.800000037997961,2991.5759761548916,24.100052431851303,15.684384890213394,2.9456337687259273,18.982741664948286,1.600000075995922,0.0
95,409.99925248009316,8.181056723312388,2.3818671961832427,58.03445355329722,15.633112096037324,210,219.2973176576905,220.67854171352974,26655.03284122079,812.2684277027797,534.2038185372626,0.800000037997961,2481.7289703646575,19.565581645603118,11.839177558211922,2.7348644309371153,18.119351440431444,3.6987825128236294,0.0
96,411.7645352595495,7.463439440491579,2.2283774591600487,56.27635382895293,18.11503675571185,210,218.16596236454885,335.0835769466495,33781.03235856927,865.2939698575592,648.3900709894804,0.987312416154943,2215.374573357945,18.05905382738745,10.761118321039092,9.579425664452707,18.974625639766554,28.572982530601355,0.0
97,406.56313705663473,6.946291274266267,1.1209894005918888,57.540893378273935,16.901442035101176,210,218.86758557040224,206.13382395990257,25283.006699502515,798.81011211775,711.6744657492467,0.800000037997961,2262.98776252375,18.284514082824074,10.246748868754008,10.332662744006237,19.11420563410395,4.38826885057301,0.0
98,402.99991035786593,8.207367049075657,5.600000265985731,57.81295428805827,13.727167035981255,210,219.20214788722419,219.54583027365788,31777.945736095513,836.7392769395741,156.60332760517574,0.800000037997961,3214.264547537534,21.472225553608077,15.138805716263713,-15.110750472758939,18.792635174349275,1.600000075995922,0.0
99,411.53261259367144,7.555491223957795,2.5597638814665697,56.034434346608535,17.202209831468327,210,218.23228061054894,322.7227330626177,33438.96538422809,865.8523510315003,599.359984405779,0.9689020593601363,2269.752273378216,18.721327426494426,11.242461247064895,10.301954481955901,18.93780492617694,25.92189115214919,0.0
100,411.2204426130533,8.554333772184947,3.0422804196058038,57.725997616925724,15.26242652603187,210,219.41341248613176,240.4956605707456,27055.658058550685,826.2930510119028,459.3140776995365,0.800000037997961,2554.281992525639,19.906194934295183,12.59973286335365,-0.9020675818280974,17.88964249315403,3.268078236678481,0.0
101,415.7190854429819,7.708987845867685,5.600000265985728,55.458006174844385,12.532315888715852,210,218.96833093976423,203.17970788531358,32020.418829538412,895.5429609251327,147.13968893961936,0.800000037997961,3047.437524058043,23.87195888831004,15.679460894934168,-2.306765977348493,19.291014432715833,1.600000075995922,0.0
102,392.8732696392397,9.169593033381027,1.983445925845023,52.96526561283163,21.236207275513507,210,217.6834087702276,327.91118004635,23832.14763072243,885.6473529967086,826.3362330332575,1.1668917186971821,2116.2419077619174,17.741523138934927,10.451794979490142,10.479723135503143,17.230409195854058,3.200000151991844,0.0
103,405.36400982317326,8.108081978846263,4.54909020041635,56.73761068981074,13.178945427036462,210,218.99109400997958,249.03176474093794,32738.301358785207,846.7079742201822,303.6808281463337,0.858383930529593,2883.5472052918512,21.9224510654259,14.191957741385599,0.6747845976537508,18.716768668515854,10.007280600550947,0.0
104,403.4046301386836,8.400001469050059,5.600000265985728,56.522729760079685,10.657347151713005,210,219.29383222380392,209.96352028120256,32000.15626706501,842.7142767673326,147.84823324096055,0.800000037997961,3129.626585190376,23.824221969602426,15.733785782109614,-0.6121661436603363,18.60000088345259,1.600000075995922,0.0
105,416.0672641581379,3.598483917445841,2.1082633813908576,53.5292441699851,17.385506034157814,210,217.82603677104802,359.64527224652755,30729.13175622195,849.8516038234297,655.8800612402533,1.187970802952947,1638.1155027616082,16.45589574096116,10.550828487417917,9.659305802505251,23.401518429213933,29.533895152754884,0.0
106,403.2025835875329,8.213105760341449,5.600000265985731,57.63140440196985,13.456765241811985,210,219.18855967406267,218.5186453495932,31740.705593987983,838.0262024928987,156.0448487063231,0.800000037997961,3196.584376601742,21.663909671772988,15.17339301991019,-13.50084785165339,18.786896465651402,1.600000075995922,0.0
107,417.0655772197344,7.597798495854948,5.560348754753629,55.543102712525,13.055590233367813,210,218.94843489251434,203.72525897879493,32196.399296989617,900.9376163165526,152.77179252200486,0.8022028997330777,3057.0804138074486,23.723994426441024,15.619848419086791,-4.002672160881743,19.395595197980324,1.9172121658527124,0.0
108,409.787002412268,8.916159260480894,5.60000026598573,55.47168926011839,10.967709668452969,210,219.30110282863222,244.32238239656897,30244.208324401727,865.9379999541319,155.41963815185773,0.800000037997961,2894.171224098953,23.364515581327577,15.643655563843478,1.5778741209604803,18.083843037477976,1.600000075995922,0.0
109,417.01914111517635,7.204924135389472,5.261362640877708,55.33797109661903,13.417319805491458,210,218.8456282382457,217.1049324141643,32047.544699559625,896.3836209618776,196.17367286032967,0.837626440787741,2929.268152357386,23.087394488086264,15.180887166398918,-2.7915361035149564,19.795078150743247,4.309101076860076,0.0
110,412.3852016774064,9.373085974462882,5.600000265985729,55.91843249460652,12.173044265217376,210,219.53800333272918,275.06536149383857,29554.095663146913,872.1230618487903,161.25993606080567,0.800000037997961,2869.3409660942625,22.462688982403492,15.602188171043892,-5.405793905578815,17.626916347911695,1.600000075995922,0.0
111,408.7600272028771,8.251308488636385,5.60000026598573,55.072682563698145,10.235787833340515,210,219.01947140382853,208.2139300682036,31238.237546021377,866.8250250546661,148.4602073018591,0.800000037997961,2949.1645849852425,24.27322637459939,15.68812330237245,6.93337826510715,18.74869378350742,1.600000075995922,0.0
112,407.44373027093775,3.9969834397286355,1.8806036373913535,52.070618970035504,18.791707578942336,210,217.79648235406336,358.7269916781303,25716.165252737126,872.2241638167156,764.8532529975157,0.9612071417898438,1771.9570141149572,15.583746358287767,10.30346635008167,10.328328173119601,22.64482946011146,14.162083209839858,0.0
113,415.56870308489545,3.672374790243856,2.1961090646385197,53.51955526071817,17.06605579074624,210,217.83209478266212,352.7142975371256,30807.389091253557,849.4455956196035,642.5238745628888,1.1782101714809847,1672.97020412431,16.747911626157133,10.684390032152246,10.371382194617448,23.327627551990382,28.83112968677359,0.0
